[{"_id":"048d55289cc61e8b2078d516f2c8f1bc","_rev":"1-11847ce029eceffdab0079f9a1954005","id":"rJp0P2VeW","path":"./resources/rJp0P2VeW.jpg","watsonAnalysisResult":{"classifier":{"custom_classes":0,"images":[{"classifiers":[{"classes":[{"class_":"group of children","score":0.664,"type_hierarchy":"/institution/group of children"},{"class_":"institution","score":0.664},{"class_":"people","score":0.576,"type_hierarchy":"/person/people"},{"class_":"person","score":0.576},{"class_":"creche","score":0.53,"type_hierarchy":"/medical building/hospital/creche"},{"class_":"hospital","score":0.53},{"class_":"medical building","score":0.53},{"class_":"building","score":0.53},{"class_":"greenishness color","score":0.736},{"class_":"Indian red color","score":0.625}],"classifier_id":"default","name":"default"}],"image":"rJp0P2VeW.jpg"}],"images_processed":1},"faces":{"images":[{"faces":[{"age":{"max":17,"score":0.786692},"face_location":{"height":25,"left":91,"top":49,"width":20},"gender":{"gender":"FEMALE","score":0.982014}},{"age":{"max":24,"min":18,"score":0.502411},"face_location":{"height":26,"left":142,"top":53,"width":25},"gender":{"gender":"MALE","score":0.880797}},{"age":{"max":24,"min":18,"score":0.372389},"face_location":{"height":27,"left":52,"top":39,"width":27},"gender":{"gender":"FEMALE","score":0}},{"age":{"max":24,"min":18,"score":0.546807},"face_location":{"height":26,"left":15,"top":43,"width":22},"gender":{"gender":"MALE","score":0.377541}},{"age":{"max":24,"min":18,"score":0.53198},"face_location":{"height":26,"left":40,"top":13,"width":20},"gender":{"gender":"FEMALE","score":0}},{"age":{"max":64,"min":55,"score":0.30778},"face_location":{"height":27,"left":35,"top":41,"width":25},"gender":{"gender":"FEMALE","score":0}}],"image":"rJp0P2VeW.jpg"}],"images_processed":1}}},{"_id":"04ce58c3bd197b12f485630a2c0da191","_rev":"1-d6b70630fbaccbd5a1af2d031c6c96d7","id":"SyFeTsXg-","path":"./resources/SyFeTsXg-.jpg","watsonAnalysisResult":"{\n  \"custom_classes\": 0,\n  \"images\": [\n    {\n      \"classifiers\": [\n        {\n          \"classes\": [\n            {\n              \"class\": \"gray color\",\n              \"score\": 0.613\n            },\n            {\n              \"class\": \"moquette fabric\",\n              \"score\": 0.544\n            },\n            {\n              \"class\": \"fabric\",\n              \"score\": 0.55\n            },\n            {\n              \"class\": \"floor\",\n              \"score\": 0.536\n            },\n            {\n              \"class\": \"corner\",\n              \"score\": 0.533\n            },\n            {\n              \"class\": \"dust storm\",\n              \"score\": 0.53\n            },\n            {\n              \"class\": \"coal black color\",\n              \"score\": 0.562\n            }\n          ],\n          \"classifier_id\": \"default\",\n          \"name\": \"default\"\n        }\n      ],\n      \"image\": \"SyFeTsXg-.jpg\"\n    }\n  ],\n  \"images_processed\": 1\n}"},{"_id":"05e472c3f2e7918538441b5f3f46526a","_rev":"1-4ff8532031f74d60d5de6aade73b246a","id":"SkMk2I4x-","path":"./resources/SkMk2I4x-.jpg","watsonAnalysisResult":{"custom_classes":0,"images":[{"classifiers":[{"classes":[{"class_":"batting glove","score":0.637,"type_hierarchy":"/baseball equipment/batting glove"},{"class_":"baseball equipment","score":0.638},{"class_":"swastika","score":0.565},{"class_":"runner","score":0.538,"type_hierarchy":"/person/traveler/runner"},{"class_":"traveler","score":0.538},{"class_":"person","score":0.637},{"class_":"sprinter","score":0.53,"type_hierarchy":"/person/contestant/athlete/sprinter"},{"class_":"athlete","score":0.53},{"class_":"contestant","score":0.53},{"class_":"gray color","score":0.95},{"class_":"coal black color","score":0.831}],"classifier_id":"default","name":"default"}],"image":"SkMk2I4x-.jpg"}],"images_processed":1}},{"_id":"05e472c3f2e7918538441b5f3f48cfb5","_rev":"1-d9c174be6c9d6994d36d9640227a0ed3","id":"B1XQnUEgW","path":"./resources/B1XQnUEgW.jpg","watsonAnalysisResult":{"custom_classes":0,"images":[{"classifiers":[{"classes":[{"class_":"gray color","score":0.613},{"class_":"moquette fabric","score":0.544},{"class_":"fabric","score":0.55},{"class_":"floor","score":0.536},{"class_":"corner","score":0.533},{"class_":"dust storm","score":0.53},{"class_":"coal black color","score":0.562}],"classifier_id":"default","name":"default"}],"image":"B1XQnUEgW.jpg"}],"images_processed":1}},{"_id":"05e472c3f2e7918538441b5f3f808532","_rev":"1-0fa2b8aecbcd91cbb16d6f69b0a00b95","id":"SJVm1DVgb","path":"./resources/SJVm1DVgb.jpg","watsonAnalysisResult":{"custom_classes":0,"images":[{"classifiers":[{"classes":[{"class_":"batting glove","score":0.637,"type_hierarchy":"/baseball equipment/batting glove"},{"class_":"baseball equipment","score":0.638},{"class_":"swastika","score":0.565},{"class_":"runner","score":0.538,"type_hierarchy":"/person/traveler/runner"},{"class_":"traveler","score":0.538},{"class_":"person","score":0.637},{"class_":"sprinter","score":0.53,"type_hierarchy":"/person/contestant/athlete/sprinter"},{"class_":"athlete","score":0.53},{"class_":"contestant","score":0.53},{"class_":"gray color","score":0.95},{"class_":"coal black color","score":0.831}],"classifier_id":"default","name":"default"}],"image":"SJVm1DVgb.jpg"}],"images_processed":1}},{"_id":"07946ea0c2a235a0005fffd6f563b093","_rev":"1-a01bba9b09244e270f98e970b77fe941","id":"H1ygRUExW","path":"./resources/H1ygRUExW.jpg","watsonAnalysisResult":{"custom_classes":0,"images":[{"classifiers":[{"classes":[{"class_":"gray color","score":0.613},{"class_":"moquette fabric","score":0.544},{"class_":"fabric","score":0.55},{"class_":"floor","score":0.536},{"class_":"corner","score":0.533},{"class_":"dust storm","score":0.53},{"class_":"coal black color","score":0.562}],"classifier_id":"default","name":"default"}],"image":"H1ygRUExW.jpg"}],"images_processed":1}},{"_id":"07946ea0c2a235a0005fffd6f5975e26","_rev":"1-952883b726d48a91a1a1ac96cad50b7e","id":"SyICevVeW","path":"./resources/SyICevVeW.jpg","watsonAnalysisResult":{"custom_classes":0,"images":[{"classifiers":[{"classes":[{"class_":"batting glove","score":0.691,"type_hierarchy":"/baseball equipment/batting glove"},{"class_":"baseball equipment","score":0.691},{"class_":"swastika","score":0.67},{"class_":"stock car (racing)","score":0.53,"type_hierarchy":"/vehicle/stock car (racing)"},{"class_":"car","score":0.53},{"class_":"vehicle","score":0.533},{"class_":"gray color","score":0.972},{"class_":"coal black color","score":0.819}],"classifier_id":"default","name":"default"}],"image":"SyICevVeW.jpg"}],"images_processed":1}},{"_id":"1496672de5bb725d08b2e39b47459a8b","_rev":"1-102f5a1ea995ebc8aea24d23820e26b5","id":"SJcfK34x-","path":"./resources/SJcfK34x-.jpg","watsonAnalysisResult":{"classifier":{"custom_classes":0,"images":[{"classifiers":[{"classes":[{"class_":"people","score":0.583,"type_hierarchy":"/person/people"},{"class_":"person","score":0.629},{"class_":"medical practitioner","score":0.53,"type_hierarchy":"/person/medical practitioner"},{"class_":"ivory color","score":0.843}],"classifier_id":"default","name":"default"}],"image":"SJcfK34x-.jpg"}],"images_processed":1},"faces":{"images":[{"faces":[{"age":{"max":24,"min":18,"score":0.502411},"face_location":{"height":57,"left":95,"top":75,"width":53},"gender":{"gender":"MALE","score":0.989013}},{"age":{"max":44,"min":35,"score":0.47254},"face_location":{"height":40,"left":32,"top":43,"width":34},"gender":{"gender":"MALE","score":0.99593}},{"age":{"max":24,"min":18,"score":0.339908},"face_location":{"height":64,"left":52,"top":110,"width":39},"gender":{"gender":"FEMALE","score":0}}],"image":"SJcfK34x-.jpg"}],"images_processed":1}}},{"_id":"1e7c67706692a7746117713a3eeb56f8","_rev":"1-b1fe9627aaafc20445b514243b63b2b1","id":"rJSHSIElZ","path":"./resources/rJSHSIElZ.jpg","watsonAnalysisResult":"{\n  \"custom_classes\": 0,\n  \"images\": [\n    {\n      \"classifiers\": [\n        {\n          \"classes\": [\n            {\n              \"class_\": \"gray color\",\n              \"score\": 0.613\n            },\n            {\n              \"class\": \"moquette fabric\",\n              \"score\": 0.544\n            },\n            {\n              \"class\": \"fabric\",\n              \"score\": 0.55\n            },\n            {\n              \"class\": \"floor\",\n              \"score\": 0.536\n            },\n            {\n              \"class\": \"corner\",\n              \"score\": 0.533\n            },\n            {\n              \"class\": \"dust storm\",\n              \"score\": 0.53\n            },\n            {\n              \"class\": \"coal black color\",\n              \"score\": 0.562\n            }\n          ],\n          \"classifier_id\": \"default\",\n          \"name\": \"default\"\n        }\n      ],\n      \"image\": \"rJSHSIElZ.jpg\"\n    }\n  ],\n  \"images_processed\": 1\n}"},{"_id":"2404071a7c5b242d60af5db6f118a9f6","_rev":"1-a104da1a4361f67a5d22d5bf8c7a65cb","id":"rk848uNeW","path":"./resources/rk848uNeW.jpg","watsonAnalysisResult":{"custom_classes":0,"images":[{"classifiers":[{"classes":[{"class_":"color television tube","score":0.729,"type_hierarchy":"/electronic device/gas-discharge tube/color television tube"},{"class_":"gas-discharge tube","score":0.729},{"class_":"electronic device","score":0.732},{"class_":"device","score":0.733},{"class_":"high-definition television","score":0.53,"type_hierarchy":"/medium/telecommunication/broadcasting/high-definition television"},{"class_":"television","score":0.697},{"class_":"broadcasting","score":0.701},{"class_":"telecommunication","score":0.701},{"class_":"medium","score":0.701},{"class_":"coal black color","score":0.822}],"classifier_id":"default","name":"default"}],"image":"rk848uNeW.jpg"}],"images_processed":1}},{"_id":"26529c15b06f738f6c9f5c5ed33eaeb6","_rev":"1-55f37ea03b1d724f75273dd02aa21ae8","id":"B1uIlcNeZ","path":"./resources/B1uIlcNeZ.jpg","watsonAnalysisResult":{"custom_classes":0,"images":[{"classifiers":[{"classes":[{"class_":"people","score":0.546,"type_hierarchy":"/person/people"},{"class_":"person","score":0.662},{"class_":"pharmacist","score":0.543,"type_hierarchy":"/person/pharmacist"},{"class_":"television reporter","score":0.536,"type_hierarchy":"/person/television reporter"},{"class_":"picnic","score":0.53,"type_hierarchy":"/food/nutrition/meal/picnic"},{"class_":"meal","score":0.53},{"class_":"nutrition","score":0.531},{"class_":"food","score":0.531},{"class_":"friend","score":0.53,"type_hierarchy":"/person/friend"},{"class_":"wine lover","score":0.53,"type_hierarchy":"/person/wine lover"},{"class_":"sea green color","score":0.633},{"class_":"beige color","score":0.515}],"classifier_id":"default","name":"default"}],"image":"B1uIlcNeZ.jpg"}],"images_processed":1}},{"_id":"2b4fd8c58ef3ddca4392286ad2ce8d82","_rev":"1-e503c256608e637476d10bdd40705b5e","id":"HkSr0uEg-","path":"./resources/HkSr0uEg-.jpg","location":"123","watsonAnalysisResult":{"custom_classes":0,"images":[{"classifiers":[{"classes":[{"class_":"gray color","score":0.613},{"class_":"moquette fabric","score":0.544},{"class_":"fabric","score":0.55},{"class_":"floor","score":0.536},{"class_":"corner","score":0.533},{"class_":"dust storm","score":0.53},{"class_":"coal black color","score":0.562}],"classifier_id":"default","name":"default"}],"image":"HkSr0uEg-.jpg"}],"images_processed":1}},{"_id":"304bddf88d9b3eab972ecf590eeda3ce","_rev":"1-56fd1f57fa0f8ebafbaed0601353a5a6","id":"rypX_q7eW","path":"./resources/rypX_q7eW.jpg","watsonAnalysisResult":"{\n  \"custom_classes\": 0,\n  \"images\": [\n    {\n      \"classifiers\": [\n        {\n          \"classes\": [\n            {\n              \"class\": \"gray color\",\n              \"score\": 0.613\n            },\n            {\n              \"class\": \"moquette fabric\",\n              \"score\": 0.544\n            },\n            {\n              \"class\": \"fabric\",\n              \"score\": 0.55\n            },\n            {\n              \"class\": \"floor\",\n              \"score\": 0.536\n            },\n            {\n              \"class\": \"corner\",\n              \"score\": 0.533\n            },\n            {\n              \"class\": \"dust storm\",\n              \"score\": 0.53\n            },\n            {\n              \"class\": \"coal black color\",\n              \"score\": 0.562\n            }\n          ],\n          \"classifier_id\": \"default\",\n          \"name\": \"default\"\n        }\n      ],\n      \"image\": \"rypX_q7eW.jpg\"\n    }\n  ],\n  \"images_processed\": 1\n}"},{"_id":"34b001bb47a2b87e5875bddaafbaefc3","_rev":"1-e262af029d9443120b28500e385ecc4e","id":"SJq0_nNeZ","path":"./resources/SJq0_nNeZ.jpg","watsonAnalysisResult":{"classifier":{"custom_classes":0,"images":[{"classifiers":[{"classes":[{"class_":"friends","score":0.559,"type_hierarchy":"/person/friends"},{"class_":"person","score":0.679},{"class_":"person with Mohawk haircut","score":0.551},{"class_":"pompadour hairstyle","score":0.532},{"class_":"friendship","score":0.531,"type_hierarchy":"/person/friendship"},{"class_":"friend","score":0.53,"type_hierarchy":"/person/friend"},{"class_":"ash grey color","score":0.835},{"class_":"gray color","score":0.638}],"classifier_id":"default","name":"default"}],"image":"SJq0_nNeZ.jpg"}],"images_processed":1},"faces":{"images":[{"faces":[{"age":{"max":24,"min":18,"score":0.394433},"face_location":{"height":69,"left":23,"top":82,"width":56},"gender":{"gender":"MALE","score":0.0293122}},{"age":{"max":44,"min":35,"score":0.506266},"face_location":{"height":53,"left":83,"top":68,"width":56},"gender":{"gender":"MALE","score":0.989013}}],"image":"SJq0_nNeZ.jpg"}],"images_processed":1}}},{"_id":"384d61b0b1bfeae18f99a18337d63959","_rev":"1-7f1b5cbdec668b37392f738b5a3d1aa7","id":"HJCtW24eW","path":"./resources/HJCtW24eW.jpg","watsonAnalysisResult":{"classifier":{"custom_classes":0,"images":[{"classifiers":[{"classes":[{"class_":"creche","score":0.611,"type_hierarchy":"/medical building/hospital/creche"},{"class_":"hospital","score":0.611},{"class_":"medical building","score":0.611},{"class_":"building","score":0.611},{"class_":"family","score":0.577,"type_hierarchy":"/person/family"},{"class_":"person","score":0.806},{"class_":"little brother","score":0.553,"type_hierarchy":"/person/little brother"},{"class_":"big sister","score":0.53,"type_hierarchy":"/person/big sister"}],"classifier_id":"default","name":"default"}],"image":"HJCtW24eW.jpg"}],"images_processed":1},"faces":{"images":[{"faces":[{"age":{"max":24,"min":18,"score":0.502411},"face_location":{"height":36,"left":140,"top":36,"width":36},"gender":{"gender":"FEMALE","score":0}},{"age":{"max":17,"score":0.953822},"face_location":{"height":43,"left":88,"top":28,"width":35},"gender":{"gender":"FEMALE","score":0.268941},"identity":{"name":"Maggie Jones","score":0.622459,"type_hierarchy":"/people/maggie jones"}}],"image":"HJCtW24eW.jpg"}],"images_processed":1}}},{"_id":"3ccc34a925b643bf0f43d2b69214696b","_rev":"1-9e78ccbcc97f863d0b0e98d6ac75cd93","id":"SJrB_DExZ","path":"./resources/SJrB_DExZ.jpg","watsonAnalysisResult":{"custom_classes":0,"images":[{"error":{"description":"Ignoring image with no valid data.","error_id":"input_error"},"image":"SJrB_DExZ.jpg"}],"images_processed":1}},{"_id":"3ccc34a925b643bf0f43d2b69289b1bc","_rev":"1-66efb39d4f0b2fba6674f2447d3cf6cc","id":"SkjyJuNlZ","path":"./resources/SkjyJuNlZ.jpg","watsonAnalysisResult":{"custom_classes":0,"images":[{"classifiers":[{"classes":[{"class_":"reader","score":0.556,"type_hierarchy":"/person/scholar/reader"},{"class_":"scholar","score":0.556},{"class_":"person","score":0.633},{"class_":"people","score":0.55,"type_hierarchy":"/person/people"},{"class_":"chador (cloth)","score":0.549,"type_hierarchy":"/garment/head covering/chador (cloth)"},{"class_":"head covering","score":0.552},{"class_":"garment","score":0.555},{"class_":"woman","score":0.56,"type_hierarchy":"/person/female/woman"},{"class_":"female","score":0.53},{"class_":"maroon color","score":0.724}],"classifier_id":"default","name":"default"}],"image":"SkjyJuNlZ.jpg"}],"images_processed":1}},{"_id":"3ccc34a925b643bf0f43d2b692fefb0b","_rev":"1-544fee1d21b1ed232af7c6d53f9d8dc2","id":"B1LFruEe-","path":"./resources/B1LFruEe-.jpg","watsonAnalysisResult":{"custom_classes":0,"images":[{"classifiers":[{"classes":[{"class_":"gray color","score":0.613},{"class_":"moquette fabric","score":0.544},{"class_":"fabric","score":0.55},{"class_":"floor","score":0.536},{"class_":"corner","score":0.533},{"class_":"dust storm","score":0.53},{"class_":"coal black color","score":0.562}],"classifier_id":"default","name":"default"}],"image":"B1LFruEe-.jpg"}],"images_processed":1}},{"_id":"40c02f8240b4dd4a88748e6cb60f4217","_rev":"1-6fd30c8aee93dffda22fe71e33c01f9f","id":"ByUa-KVxZ","path":"./resources/ByUa-KVxZ.jpg","location":"123","watsonAnalysisResult":{"custom_classes":0,"images":[{"classifiers":[{"classes":[{"class_":"gray color","score":0.613},{"class_":"moquette fabric","score":0.544},{"class_":"fabric","score":0.55},{"class_":"floor","score":0.536},{"class_":"corner","score":0.533},{"class_":"dust storm","score":0.53},{"class_":"coal black color","score":0.562}],"classifier_id":"default","name":"default"}],"image":"ByUa-KVxZ.jpg"}],"images_processed":1}},{"_id":"40d24bdd883fa0d36fe5565895c6b342","_rev":"1-e706dc9010dd3f1a1cf5f2a3357f7db7","id":"By7GdwNl-","path":"./resources/By7GdwNl-.jpg","watsonAnalysisResult":{"custom_classes":0,"images":[{"error":{"description":"Ignoring image with no valid data.","error_id":"input_error"},"image":"By7GdwNl-.jpg"}],"images_processed":1}},{"_id":"40d24bdd883fa0d36fe5565895f86b5b","_rev":"1-798365a4a34d653283523a53dbb0fbc5","id":"rJv29vNxW","path":"./resources/rJv29vNxW.jpg","watsonAnalysisResult":{"custom_classes":0,"images":[{"classifiers":[{"classes":[{"class_":"person","score":0.91},{"class_":"luge (racing sled)","score":0.566,"type_hierarchy":"/vehicle/luge (racing sled)"},{"class_":"sled","score":0.567},{"class_":"vehicle","score":0.567},{"class_":"woman with bag","score":0.53,"type_hierarchy":"/person/woman with bag"},{"class_":"black color","score":0.537}],"classifier_id":"default","name":"default"}],"image":"rJv29vNxW.jpg"}],"images_processed":1}},{"_id":"4733a6bcf8a86279d159d5e94b2d647a","_rev":"1-28d850eb80792e9eaafa0bb00e1e2dc0","id":"BJmm2FEgb","path":"./resources/BJmm2FEgb.jpg","watsonAnalysisResult":{"custom_classes":0,"images":[{"classifiers":[{"classes":[{"class_":"person","score":0.849},{"class_":"people","score":0.546,"type_hierarchy":"/person/traveler/people"},{"class_":"traveler","score":0.546},{"class_":"young woman","score":0.53,"type_hierarchy":"/person/laborer/young woman"},{"class_":"laborer","score":0.53},{"class_":"alizarine red color","score":0.976}],"classifier_id":"default","name":"default"}],"image":"BJmm2FEgb.jpg"}],"images_processed":1}},{"_id":"4862b3fb663e2f20a2ced9b8b67ced09","_rev":"1-8a4627ae23b4206f69b7b301be7962bd","id":"ry-RcwExb","path":"./resources/ry-RcwExb.jpg","watsonAnalysisResult":{"custom_classes":0,"images":[{"classifiers":[{"classes":[{"class_":"people","score":0.618,"type_hierarchy":"/person/people"},{"class_":"person","score":0.795},{"class_":"child","score":0.654,"type_hierarchy":"/juvenile person/child"},{"class_":"juvenile person","score":0.548},{"class_":"group of children","score":0.53,"type_hierarchy":"/institution/group of children"},{"class_":"institution","score":0.53},{"class_":"coal black color","score":0.973}],"classifier_id":"default","name":"default"}],"image":"ry-RcwExb.jpg"}],"images_processed":1}},{"_id":"4862b3fb663e2f20a2ced9b8b6a6c270","_rev":"1-f2129dde2138c30c5803cfa3a9934239","id":"rkCXaPNxb","path":"./resources/rkCXaPNxb.jpg","watsonAnalysisResult":{"custom_classes":0,"images":[{"classifiers":[{"classes":[{"class_":"frame","score":0.677,"type_hierarchy":"/framework/frame"},{"class_":"framework","score":0.783},{"class_":"picture frame","score":0.557,"type_hierarchy":"/framework/picture frame"},{"class_":"religion related","score":0.53,"type_hierarchy":"/person/religion related"},{"class_":"person","score":0.683},{"class_":"coal black color","score":0.865},{"class_":"reddish brown color","score":0.646}],"classifier_id":"default","name":"default"}],"image":"rkCXaPNxb.jpg"}],"images_processed":1}},{"_id":"4afc189067606de5ab88dfb844571ed9","_rev":"1-222c27897855a0749b93d73f5ca76f72","id":"HkknUUElW","path":"./resources/HkknUUElW.jpg","watsonAnalysisResult":{"custom_classes":0,"images":[{"classifiers":[{"classes":[{"class_":"batting glove","score":0.637,"type_hierarchy":"/baseball equipment/batting glove"},{"class_":"baseball equipment","score":0.638},{"class_":"swastika","score":0.565},{"class_":"runner","score":0.538,"type_hierarchy":"/person/traveler/runner"},{"class_":"traveler","score":0.538},{"class_":"person","score":0.637},{"class_":"sprinter","score":0.53,"type_hierarchy":"/person/contestant/athlete/sprinter"},{"class_":"athlete","score":0.53},{"class_":"contestant","score":0.53},{"class_":"gray color","score":0.95},{"class_":"coal black color","score":0.831}],"classifier_id":"default","name":"default"}],"image":"HkknUUElW.jpg"}],"images_processed":1}},{"_id":"4afc189067606de5ab88dfb844a0aa4e","_rev":"1-b55fd2d2780aa77aebebb56a5b285ffc","id":"HyiKo8Ee-","path":"./resources/HyiKo8Ee-.jpg","watsonAnalysisResult":{"custom_classes":0,"images":[{"classifiers":[{"classes":[{"class_":"batting glove","score":0.691,"type_hierarchy":"/baseball equipment/batting glove"},{"class_":"baseball equipment","score":0.691},{"class_":"swastika","score":0.67},{"class_":"stock car (racing)","score":0.53,"type_hierarchy":"/vehicle/stock car (racing)"},{"class_":"car","score":0.53},{"class_":"vehicle","score":0.533},{"class_":"gray color","score":0.972},{"class_":"coal black color","score":0.819}],"classifier_id":"default","name":"default"}],"image":"HyiKo8Ee-.jpg"}],"images_processed":1}},{"_id":"4afc189067606de5ab88dfb844b9e499","_rev":"1-e51aaa1ba62908065be1f49796519d4d","id":"SJqi684x-","path":"./resources/SJqi684x-.jpg","watsonAnalysisResult":{"custom_classes":0,"images":[{"classifiers":[{"classes":[{"class_":"gray color","score":0.613},{"class_":"moquette fabric","score":0.544},{"class_":"fabric","score":0.55},{"class_":"floor","score":0.536},{"class_":"corner","score":0.533},{"class_":"dust storm","score":0.53},{"class_":"coal black color","score":0.562}],"classifier_id":"default","name":"default"}],"image":"SJqi684x-.jpg"}],"images_processed":1}},{"_id":"4c0dd270f675a224c1775922b81017dd","_rev":"1-5a1589ef68c8f2a2c8a3a757c6979de7","id":"BJ-Gb3VlZ","path":"./resources/BJ-Gb3VlZ.jpg","watsonAnalysisResult":{"faces":{"images":[{"error":{"description":"An undefined server error occurred.","error_id":"server_error"},"image":"BJ-Gb3VlZ.jpg"}],"images_processed":0},"classifier":{"custom_classes":0,"images":[{"classifiers":[{"classes":[{"class_":"batting glove","score":0.691,"type_hierarchy":"/baseball equipment/batting glove"},{"class_":"baseball equipment","score":0.691},{"class_":"swastika","score":0.67},{"class_":"stock car (racing)","score":0.53,"type_hierarchy":"/vehicle/stock car (racing)"},{"class_":"car","score":0.53},{"class_":"vehicle","score":0.533},{"class_":"gray color","score":0.972},{"class_":"coal black color","score":0.819}],"classifier_id":"default","name":"default"}],"image":"BJ-Gb3VlZ.jpg"}],"images_processed":1}}},{"_id":"4c0dd270f675a224c1775922b87c64b7","_rev":"1-0de1a1b9aed40ee8ab82889ba62008ea","id":"Hkw1LhVxb","path":"./resources/Hkw1LhVxb.jpg","watsonAnalysisResult":{"classifier":{"custom_classes":0,"images":[{"classifiers":[{"classes":[{"class_":"people","score":0.602,"type_hierarchy":"/protector (person)/people"},{"class_":"protector (person)","score":0.602},{"class_":"person","score":0.603},{"class_":"group of children","score":0.558,"type_hierarchy":"/institution/group of children"},{"class_":"institution","score":0.558},{"class_":"creche","score":0.53,"type_hierarchy":"/medical building/hospital/creche"},{"class_":"hospital","score":0.53},{"class_":"medical building","score":0.53},{"class_":"building","score":0.53}],"classifier_id":"default","name":"default"}],"image":"Hkw1LhVxb.jpg"}],"images_processed":1},"faces":{"images":[{"faces":[{"age":{"max":24,"min":18,"score":0.394433},"face_location":{"height":40,"left":61,"top":30,"width":23},"gender":{"gender":"FEMALE","score":0}},{"age":{"max":24,"min":18,"score":0.502411},"face_location":{"height":29,"left":163,"top":51,"width":26},"gender":{"gender":"MALE","score":0.924142}},{"age":{"max":24,"min":18,"score":0.503453},"face_location":{"height":26,"left":101,"top":49,"width":21},"gender":{"gender":"FEMALE","score":0.880797}},{"age":{"max":24,"min":18,"score":0.572427},"face_location":{"height":30,"left":38,"top":9,"width":22},"gender":{"gender":"FEMALE","score":0}},{"age":{"max":24,"min":18,"score":0.502411},"face_location":{"height":27,"left":13,"top":46,"width":25},"gender":{"gender":"FEMALE","score":0.924142}},{"age":{"max":24,"min":18,"score":0.420692},"face_location":{"height":27,"left":71,"top":14,"width":22},"gender":{"gender":"FEMALE","score":0}},{"age":{"max":24,"min":18,"score":0.306215},"face_location":{"height":25,"left":37,"top":46,"width":22},"gender":{"gender":"FEMALE","score":0}}],"image":"Hkw1LhVxb.jpg"}],"images_processed":1}}},{"_id":"4c0dd270f675a224c1775922b8d3032f","_rev":"1-6079dfe7dd2e882645638bb9c9543334","id":"S1-U93EeZ","path":"./resources/S1-U93EeZ.jpg","watsonAnalysisResult":{"classifier":{"custom_classes":0,"images":[{"classifiers":[{"classes":[{"class_":"people","score":0.53,"type_hierarchy":"/person/people"},{"class_":"person","score":0.531},{"class_":"alizarine red color","score":0.782},{"class_":"Indian red color","score":0.726}],"classifier_id":"default","name":"default"}],"image":"S1-U93EeZ.jpg"}],"images_processed":1},"faces":{"images":[{"faces":[{"age":{"max":64,"min":55,"score":0.447907},"face_location":{"height":57,"left":15,"top":104,"width":39},"gender":{"gender":"MALE","score":0.5}},{"age":{"max":17,"score":0.785214},"face_location":{"height":38,"left":79,"top":37,"width":34},"gender":{"gender":"MALE","score":0.982014}}],"image":"S1-U93EeZ.jpg"}],"images_processed":1}}},{"_id":"566cdf0740b3f58680f3005d36a38bcd","_rev":"1-56fb6b5ed84500d76ad02ba3c6bf8452","id":"SybXjh4xZ","path":"./resources/SybXjh4xZ.jpg","watsonAnalysisResult":{"classifier":{"custom_classes":0,"images":[{"classifiers":[{"classes":[{"class_":"doctor","score":0.628,"type_hierarchy":"/person/doctor"},{"class_":"person","score":0.848},{"class_":"internist","score":0.566,"type_hierarchy":"/person/medical specialist/internist"},{"class_":"medical specialist","score":0.728},{"class_":"cardiologist","score":0.532,"type_hierarchy":"/person/medical specialist/cardiologist"},{"class_":"nurse","score":0.634,"type_hierarchy":"/person/nurse"},{"class_":"rheumatologist (doctor)","score":0.53,"type_hierarchy":"/person/medical specialist/rheumatologist (doctor)"},{"class_":"bottle green color","score":0.632},{"class_":"greenishness color","score":0.58}],"classifier_id":"default","name":"default"}],"image":"SybXjh4xZ.jpg"}],"images_processed":1},"faces":{"images":[{"faces":[{"age":{"max":24,"min":18,"score":0.394433},"face_location":{"height":68,"left":48,"top":104,"width":60},"gender":{"gender":"FEMALE","score":0}}],"image":"SybXjh4xZ.jpg"}],"images_processed":1}}},{"_id":"5d549dd550ca366e3e86dc2b21d4f69f","_rev":"1-18e3492de0e04530f0759e102c78a0d7","id":"SJ86284x-","path":"./resources/SJ86284x-.jpg","watsonAnalysisResult":{"custom_classes":0,"images":[{"classifiers":[{"classes":[{"class_":"batting glove","score":0.691,"type_hierarchy":"/baseball equipment/batting glove"},{"class_":"baseball equipment","score":0.691},{"class_":"swastika","score":0.67},{"class_":"stock car (racing)","score":0.53,"type_hierarchy":"/vehicle/stock car (racing)"},{"class_":"car","score":0.53},{"class_":"vehicle","score":0.533},{"class_":"gray color","score":0.972},{"class_":"coal black color","score":0.819}],"classifier_id":"default","name":"default"}],"image":"SJ86284x-.jpg"}],"images_processed":1}},{"_id":"69d4ebf4c2131485ed02632b3760fc48","_rev":"1-ac870e75834cdbbc9480722bd330e962","id":"BJ2CLome-","path":"./resources/BJ2CLome-.jpg","watsonAnalysisResult":"{\n  \"custom_classes\": 0,\n  \"images\": [\n    {\n      \"classifiers\": [\n        {\n          \"classes\": [\n            {\n              \"class\": \"gray color\",\n              \"score\": 0.613\n            },\n            {\n              \"class\": \"moquette fabric\",\n              \"score\": 0.544\n            },\n            {\n              \"class\": \"fabric\",\n              \"score\": 0.55\n            },\n            {\n              \"class\": \"floor\",\n              \"score\": 0.536\n            },\n            {\n              \"class\": \"corner\",\n              \"score\": 0.533\n            },\n            {\n              \"class\": \"dust storm\",\n              \"score\": 0.53\n            },\n            {\n              \"class\": \"coal black color\",\n              \"score\": 0.562\n            }\n          ],\n          \"classifier_id\": \"default\",\n          \"name\": \"default\"\n        }\n      ],\n      \"image\": \"BJ2CLome-.jpg\"\n    }\n  ],\n  \"images_processed\": 1\n}"},{"_id":"6ca1961e74c26418a423bcd9a88606fc","_rev":"1-866f0494b4e6c00cd60ab56b4504864f","id":"BJdoRD4eW","path":"./resources/BJdoRD4eW.jpg","watsonAnalysisResult":{"custom_classes":0,"images":[{"classifiers":[{"classes":[{"class_":"sweetheart","score":0.608,"type_hierarchy":"/person/sweetheart"},{"class_":"person","score":0.774},{"class_":"child","score":0.695,"type_hierarchy":"/juvenile person/child"},{"class_":"juvenile person","score":0.602},{"class_":"soul mate","score":0.548,"type_hierarchy":"/person/soul mate"},{"class_":"little brother","score":0.53,"type_hierarchy":"/person/little brother"},{"class_":"jade green color","score":0.668}],"classifier_id":"default","name":"default"}],"image":"BJdoRD4eW.jpg"}],"images_processed":1}},{"_id":"75b9e4ae57d750b944cbdbd205e7b9f4","_rev":"1-419a42897c2e62885661b173baf49022","id":"r1h3sFElZ","path":"./resources/r1h3sFElZ.jpg","watsonAnalysisResult":{"custom_classes":0,"images":[{"classifiers":[{"classes":[{"class_":"batting glove","score":0.691,"type_hierarchy":"/baseball equipment/batting glove"},{"class_":"baseball equipment","score":0.691},{"class_":"swastika","score":0.67},{"class_":"stock car (racing)","score":0.53,"type_hierarchy":"/vehicle/stock car (racing)"},{"class_":"car","score":0.53},{"class_":"vehicle","score":0.533},{"class_":"gray color","score":0.972},{"class_":"coal black color","score":0.819}],"classifier_id":"default","name":"default"}],"image":"r1h3sFElZ.jpg"}],"images_processed":1}},{"_id":"81a4d54aaa9a4655434c5cf21c33ee2a","_rev":"1-f818aadce5617cd4c24b1b85e55832de","id":"B1p26wEl-","path":"./resources/B1p26wEl-.jpg","watsonAnalysisResult":{"custom_classes":0,"images":[{"classifiers":[{"classes":[{"class_":"grandparent","score":0.591,"type_hierarchy":"/person/grandparent"},{"class_":"person","score":0.714},{"class_":"grandson","score":0.557,"type_hierarchy":"/person/grandson"},{"class_":"forefather","score":0.532,"type_hierarchy":"/person/forefather"},{"class_":"grandmother","score":0.53,"type_hierarchy":"/person/grandmother"},{"class_":"claret red color","score":0.729}],"classifier_id":"default","name":"default"}],"image":"B1p26wEl-.jpg"}],"images_processed":1}},{"_id":"82aac0e0a76ca6d29e1a43cc472aaf58","_rev":"1-f2c6563b31affff5603335d0bb0dd1c6","id":"rJQRL2QlW","path":"./resources/rJQRL2QlW.jpg","watsonAnalysisResult":"{\n  \"custom_classes\": 0,\n  \"images\": [\n    {\n      \"classifiers\": [\n        {\n          \"classes\": [\n            {\n              \"class\": \"gray color\",\n              \"score\": 0.613\n            },\n            {\n              \"class\": \"moquette fabric\",\n              \"score\": 0.544\n            },\n            {\n              \"class\": \"fabric\",\n              \"score\": 0.55\n            },\n            {\n              \"class\": \"floor\",\n              \"score\": 0.536\n            },\n            {\n              \"class\": \"corner\",\n              \"score\": 0.533\n            },\n            {\n              \"class\": \"dust storm\",\n              \"score\": 0.53\n            },\n            {\n              \"class\": \"coal black color\",\n              \"score\": 0.562\n            }\n          ],\n          \"classifier_id\": \"default\",\n          \"name\": \"default\"\n        }\n      ],\n      \"image\": \"rJQRL2QlW.jpg\"\n    }\n  ],\n  \"images_processed\": 1\n}"},{"_id":"8710140be76b2a1c7c4feee8762524c7","_rev":"1-9395e7e1a4a23e20d4521489d676b90c","id":"BJbdBnElZ","path":"./resources/BJbdBnElZ.jpg","location":"123","watsonAnalysisResult":{"classifier":{"custom_classes":0,"images":[{"classifiers":[{"classes":[{"class_":"gray color","score":0.613},{"class_":"moquette fabric","score":0.544},{"class_":"fabric","score":0.55},{"class_":"floor","score":0.536},{"class_":"corner","score":0.533},{"class_":"dust storm","score":0.53},{"class_":"coal black color","score":0.562}],"classifier_id":"default","name":"default"}],"image":"BJbdBnElZ.jpg"}],"images_processed":1},"faces":{"images":[{"faces":[],"image":"BJbdBnElZ.jpg"}],"images_processed":1}}},{"_id":"8c21e339ec19b88bdc0fd66a10254a66","_rev":"1-0e63bbd011675d3a2ed015921cc5b1cd","id":"Bk_pBUNeW","path":"./resources/Bk_pBUNeW.jpg","watsonAnalysisResult":"{\n  \"custom_classes\": 0,\n  \"images\": [\n    {\n      \"classifiers\": [\n        {\n          \"classes\": [\n            {\n              \"class_\": \"gray color\",\n              \"score\": 0.613\n            },\n            {\n              \"class_\": \"moquette fabric\",\n              \"score\": 0.544\n            },\n            {\n              \"class_\": \"fabric\",\n              \"score\": 0.55\n            },\n            {\n              \"class_\": \"floor\",\n              \"score\": 0.536\n            },\n            {\n              \"class_\": \"corner\",\n              \"score\": 0.533\n            },\n            {\n              \"class_\": \"dust storm\",\n              \"score\": 0.53\n            },\n            {\n              \"class_\": \"coal black color\",\n              \"score\": 0.562\n            }\n          ],\n          \"classifier_id\": \"default\",\n          \"name\": \"default\"\n        }\n      ],\n      \"image\": \"Bk_pBUNeW.jpg\"\n    }\n  ],\n  \"images_processed\": 1\n}"},{"_id":"8c21e339ec19b88bdc0fd66a1037392f","_rev":"1-69e3a3cb017f30ac593e7b8fe09c16be","id":"Bk9Ew8Nx-","path":"./resources/Bk9Ew8Nx-.jpg","watsonAnalysisResult":{"custom_classes":0,"images":[{"classifiers":[{"classes":[{"class_":"batting glove","score":0.637,"type_hierarchy":"/baseball equipment/batting glove"},{"class_":"baseball equipment","score":0.638},{"class_":"swastika","score":0.565},{"class_":"runner","score":0.538,"type_hierarchy":"/person/traveler/runner"},{"class_":"traveler","score":0.538},{"class_":"person","score":0.637},{"class_":"sprinter","score":0.53,"type_hierarchy":"/person/contestant/athlete/sprinter"},{"class_":"athlete","score":0.53},{"class_":"contestant","score":0.53},{"class_":"gray color","score":0.95},{"class_":"coal black color","score":0.831}],"classifier_id":"default","name":"default"}],"image":"Bk9Ew8Nx-.jpg"}],"images_processed":1}},{"_id":"8c21e339ec19b88bdc0fd66a1083990d","_rev":"1-2bb264f5c8685879b16b312d4182a681","id":"ByZFoINlW","path":"./resources/ByZFoINlW.jpg","watsonAnalysisResult":{"custom_classes":0,"images":[{"classifiers":[{"classes":[{"class_":"batting glove","score":0.691,"type_hierarchy":"/baseball equipment/batting glove"},{"class_":"baseball equipment","score":0.691},{"class_":"swastika","score":0.67},{"class_":"stock car (racing)","score":0.53,"type_hierarchy":"/vehicle/stock car (racing)"},{"class_":"car","score":0.53},{"class_":"vehicle","score":0.533},{"class_":"gray color","score":0.972},{"class_":"coal black color","score":0.819}],"classifier_id":"default","name":"default"}],"image":"ByZFoINlW.jpg"}],"images_processed":1}},{"_id":"8e72ff958f470dff6227807105216aed","_rev":"1-8870c11bf52f2aa0c37ac99b41324c3e","id":"rJtxIB4x-","path":"./resources/rJtxIB4x-.jpg","watsonAnalysisResult":"{\n  \"custom_classes\": 0,\n  \"images\": [\n    {\n      \"classifiers\": [\n        {\n          \"classes\": [\n            {\n              \"class\": \"cart\",\n              \"score\": 0.722,\n              \"type_hierarchy\": \"/vehicle/wagon/cart\"\n            },\n            {\n              \"class\": \"wagon\",\n              \"score\": 0.728\n            },\n            {\n              \"class\": \"vehicle\",\n              \"score\": 0.853\n            },\n            {\n              \"class\": \"shopping cart\",\n              \"score\": 0.53,\n              \"type_hierarchy\": \"/vehicle/handcart/shopping cart\"\n            },\n            {\n              \"class\": \"handcart\",\n              \"score\": 0.669\n            },\n            {\n              \"class\": \"maroon color\",\n              \"score\": 0.798\n            },\n            {\n              \"class\": \"black color\",\n              \"score\": 0.667\n            }\n          ],\n          \"classifier_id\": \"default\",\n          \"name\": \"default\"\n        }\n      ],\n      \"image\": \"rJtxIB4x-.jpg\"\n    }\n  ],\n  \"images_processed\": 1\n}"},{"_id":"8e72ff958f470dff6227807105f2523b","_rev":"1-81b2593d2f2d14cf46245fc78aa57e22","id":"rJZqrLVe-","path":"./resources/rJZqrLVe-.jpg","watsonAnalysisResult":"{\n  \"custom_classes\": 0,\n  \"images\": [\n    {\n      \"classifiers\": [\n        {\n          \"classes\": [\n            {\n              \"class\": \"gray color\",\n              \"score\": 0.613\n            },\n            {\n              \"class\": \"moquette fabric\",\n              \"score\": 0.544\n            },\n            {\n              \"class\": \"fabric\",\n              \"score\": 0.55\n            },\n            {\n              \"class\": \"floor\",\n              \"score\": 0.536\n            },\n            {\n              \"class\": \"corner\",\n              \"score\": 0.533\n            },\n            {\n              \"class\": \"dust storm\",\n              \"score\": 0.53\n            },\n            {\n              \"class\": \"coal black color\",\n              \"score\": 0.562\n            }\n          ],\n          \"classifier_id\": \"default\",\n          \"name\": \"default\"\n        }\n      ],\n      \"image\": \"rJZqrLVe-.jpg\"\n    }\n  ],\n  \"images_processed\": 1\n}"},{"_id":"8f4e4b698355814e0f22f0bf7f3cbe1f","_rev":"1-988e56beccb7d6337417728631fe3690","id":"r1rsY5XgW","path":"./resources/r1rsY5XgW.jpg","watsonAnalysisResult":"{\n  \"custom_classes\": 0,\n  \"images\": [\n    {\n      \"classifiers\": [\n        {\n          \"classes\": [\n            {\n              \"class\": \"gray color\",\n              \"score\": 0.613\n            },\n            {\n              \"class\": \"moquette fabric\",\n              \"score\": 0.544\n            },\n            {\n              \"class\": \"fabric\",\n              \"score\": 0.55\n            },\n            {\n              \"class\": \"floor\",\n              \"score\": 0.536\n            },\n            {\n              \"class\": \"corner\",\n              \"score\": 0.533\n            },\n            {\n              \"class\": \"dust storm\",\n              \"score\": 0.53\n            },\n            {\n              \"class\": \"coal black color\",\n              \"score\": 0.562\n            }\n          ],\n          \"classifier_id\": \"default\",\n          \"name\": \"default\"\n        }\n      ],\n      \"image\": \"r1rsY5XgW.jpg\"\n    }\n  ],\n  \"images_processed\": 1\n}"},{"_id":"8f4e4b698355814e0f22f0bf7f4f208b","_rev":"1-1119163401dfe97ce6a3e0ac127208d8","id":"rkLP5cXeZ","path":"./resources/rkLP5cXeZ.jpg","watsonAnalysisResult":"{\n  \"custom_classes\": 0,\n  \"images\": [\n    {\n      \"classifiers\": [\n        {\n          \"classes\": [\n            {\n              \"class\": \"gray color\",\n              \"score\": 0.613\n            },\n            {\n              \"class\": \"moquette fabric\",\n              \"score\": 0.544\n            },\n            {\n              \"class\": \"fabric\",\n              \"score\": 0.55\n            },\n            {\n              \"class\": \"floor\",\n              \"score\": 0.536\n            },\n            {\n              \"class\": \"corner\",\n              \"score\": 0.533\n            },\n            {\n              \"class\": \"dust storm\",\n              \"score\": 0.53\n            },\n            {\n              \"class\": \"coal black color\",\n              \"score\": 0.562\n            }\n          ],\n          \"classifier_id\": \"default\",\n          \"name\": \"default\"\n        }\n      ],\n      \"image\": \"rkLP5cXeZ.jpg\"\n    }\n  ],\n  \"images_processed\": 1\n}"},{"_id":"8f4e4b698355814e0f22f0bf7f6ae3eb","_rev":"1-abeb5b58f157033dd28bf22924afd180","id":"ryfhi9ml-","path":"./resources/ryfhi9ml-.jpg","watsonAnalysisResult":"{\n  \"custom_classes\": 0,\n  \"images\": [\n    {\n      \"classifiers\": [\n        {\n          \"classes\": [\n            {\n              \"class\": \"gray color\",\n              \"score\": 0.613\n            },\n            {\n              \"class\": \"moquette fabric\",\n              \"score\": 0.544\n            },\n            {\n              \"class\": \"fabric\",\n              \"score\": 0.55\n            },\n            {\n              \"class\": \"floor\",\n              \"score\": 0.536\n            },\n            {\n              \"class\": \"corner\",\n              \"score\": 0.533\n            },\n            {\n              \"class\": \"dust storm\",\n              \"score\": 0.53\n            },\n            {\n              \"class\": \"coal black color\",\n              \"score\": 0.562\n            }\n          ],\n          \"classifier_id\": \"default\",\n          \"name\": \"default\"\n        }\n      ],\n      \"image\": \"ryfhi9ml-.jpg\"\n    }\n  ],\n  \"images_processed\": 1\n}"},{"_id":"91545f1afce54d42d9ce94321810cdf5","_rev":"1-10678761ad73021993a92b9a65dcf8b1","id":"BydAzuExW","path":"./resources/BydAzuExW.jpg","watsonAnalysisResult":{"custom_classes":0,"images":[{"classifiers":[{"classes":[{"class_":"big sister","score":0.679,"type_hierarchy":"/person/big sister"},{"class_":"person","score":0.906},{"class_":"twin","score":0.641,"type_hierarchy":"/person/twin"},{"class_":"little brother","score":0.544,"type_hierarchy":"/person/little brother"},{"class_":"family","score":0.53,"type_hierarchy":"/person/family"},{"class_":"ultramarine color","score":0.71},{"class_":"purplish blue color","score":0.539}],"classifier_id":"default","name":"default"}],"image":"BydAzuExW.jpg"}],"images_processed":1}},{"_id":"92dd70c68b0e4123d6a5c21480b91cc8","_rev":"1-34e351db2cd280ef381049bdebeef606","id":"SkZ0wtVgZ","path":"./resources/SkZ0wtVgZ.jpg","watsonAnalysisResult":{"custom_classes":0,"images":[{"classifiers":[{"classes":[{"class_":"woman","score":0.626,"type_hierarchy":"/person/woman"},{"class_":"person","score":0.726},{"class_":"friendship","score":0.571,"type_hierarchy":"/person/friendship"},{"class_":"people","score":0.53,"type_hierarchy":"/person/people"},{"class_":"jade green color","score":0.762},{"class_":"maroon color","score":0.571}],"classifier_id":"default","name":"default"}],"image":"SkZ0wtVgZ.jpg"}],"images_processed":1}},{"_id":"92dd70c68b0e4123d6a5c21480dd9a51","_rev":"1-849d2c8212f782d7dd71753bd97da9fa","id":"BkcZ5FNx-","path":"./resources/BkcZ5FNx-.jpg","watsonAnalysisResult":{"custom_classes":0,"images":[{"classifiers":[{"classes":[{"class_":"person","score":0.921},{"class_":"family with child","score":0.557,"type_hierarchy":"/person/family with child"},{"class_":"twin","score":0.543,"type_hierarchy":"/person/twin"},{"class_":"boy","score":0.531,"type_hierarchy":"/person/boy"},{"class_":"day school","score":0.53,"type_hierarchy":"/building/day school"},{"class_":"school","score":0.53},{"class_":"building","score":0.53},{"class_":"claret red color","score":0.782},{"class_":"purplish blue color","score":0.778}],"classifier_id":"default","name":"default"}],"image":"BkcZ5FNx-.jpg"}],"images_processed":1}},{"_id":"98505491feeb103200f2d6294e27d232","_rev":"1-51641e947c3edeb4f88b7deb4777d88d","id":"B1wgDn4gZ","path":"./resources/B1wgDn4gZ.jpg","watsonAnalysisResult":{"classifier":{"custom_classes":0,"images":[{"classifiers":[{"classes":[{"class_":"group of children","score":0.628,"type_hierarchy":"/institution/group of children"},{"class_":"institution","score":0.628},{"class_":"quadruplet","score":0.566,"type_hierarchy":"/person/quadruplet"},{"class_":"person","score":0.667},{"class_":"people","score":0.555,"type_hierarchy":"/person/people"},{"class_":"creche","score":0.53,"type_hierarchy":"/medical building/hospital/creche"},{"class_":"hospital","score":0.53},{"class_":"medical building","score":0.53},{"class_":"building","score":0.53},{"class_":"greenishness color","score":0.885}],"classifier_id":"default","name":"default"}],"image":"B1wgDn4gZ.jpg"}],"images_processed":1},"faces":{"images":[{"faces":[{"age":{"max":24,"min":18,"score":0.502411},"face_location":{"height":22,"left":157,"top":57,"width":21},"gender":{"gender":"MALE","score":0.952574}},{"age":{"max":24,"min":18,"score":0.685747},"face_location":{"height":22,"left":103,"top":53,"width":22},"gender":{"gender":"MALE","score":0.817574}},{"age":{"max":24,"min":18,"score":0.502411},"face_location":{"height":25,"left":34,"top":47,"width":21},"gender":{"gender":"MALE","score":0.880797}},{"age":{"max":64,"min":55,"score":0.290369},"face_location":{"height":35,"left":69,"top":34,"width":27},"gender":{"gender":"MALE","score":0.880797}},{"age":{"max":24,"min":18,"score":0.394433},"face_location":{"height":27,"left":53,"top":17,"width":22},"gender":{"gender":"FEMALE","score":0}},{"age":{"max":64,"min":55,"score":0.326008},"face_location":{"height":25,"left":51,"top":46,"width":23},"gender":{"gender":"FEMALE","score":0}}],"image":"B1wgDn4gZ.jpg"}],"images_processed":1}}},{"_id":"98505491feeb103200f2d6294e7278be","_rev":"1-cc863b9a82afd36c1ded5b633eb78523","id":"H1Idqh4gZ","path":"./resources/H1Idqh4gZ.jpg","watsonAnalysisResult":{"classifier":{"custom_classes":0,"images":[{"classifiers":[{"classes":[{"class_":"creche","score":0.611,"type_hierarchy":"/medical building/hospital/creche"},{"class_":"hospital","score":0.611},{"class_":"medical building","score":0.611},{"class_":"building","score":0.611},{"class_":"family","score":0.577,"type_hierarchy":"/person/family"},{"class_":"person","score":0.806},{"class_":"little brother","score":0.553,"type_hierarchy":"/person/little brother"},{"class_":"big sister","score":0.53,"type_hierarchy":"/person/big sister"}],"classifier_id":"default","name":"default"}],"image":"H1Idqh4gZ.jpg"}],"images_processed":1},"faces":{"images":[{"faces":[{"age":{"max":24,"min":18,"score":0.502411},"face_location":{"height":36,"left":140,"top":36,"width":36},"gender":{"gender":"FEMALE","score":0}},{"age":{"max":17,"score":0.953822},"face_location":{"height":43,"left":88,"top":28,"width":35},"gender":{"gender":"FEMALE","score":0.268941},"identity":{"name":"Maggie Jones","score":0.622459,"type_hierarchy":"/people/maggie jones"}}],"image":"H1Idqh4gZ.jpg"}],"images_processed":1}}},{"_id":"9a0ce1bee59d656c0e6d8232d2e05109","_rev":"1-895bd06bb9bc98fbeadc196182721390","id":"rkVVoB4l-","path":"./resources/rkVVoB4l-.jpg","watsonAnalysisResult":"{\n  \"custom_classes\": 0,\n  \"images\": [\n    {\n      \"classifiers\": [\n        {\n          \"classes\": [\n            {\n              \"class\": \"batting glove\",\n              \"score\": 0.691,\n              \"type_hierarchy\": \"/baseball equipment/batting glove\"\n            },\n            {\n              \"class\": \"baseball equipment\",\n              \"score\": 0.691\n            },\n            {\n              \"class\": \"swastika\",\n              \"score\": 0.67\n            },\n            {\n              \"class\": \"stock car (racing)\",\n              \"score\": 0.53,\n              \"type_hierarchy\": \"/vehicle/stock car (racing)\"\n            },\n            {\n              \"class\": \"car\",\n              \"score\": 0.53\n            },\n            {\n              \"class\": \"vehicle\",\n              \"score\": 0.533\n            },\n            {\n              \"class\": \"gray color\",\n              \"score\": 0.972\n            },\n            {\n              \"class\": \"coal black color\",\n              \"score\": 0.819\n            }\n          ],\n          \"classifier_id\": \"default\",\n          \"name\": \"default\"\n        }\n      ],\n      \"image\": \"rkVVoB4l-.jpg\"\n    }\n  ],\n  \"images_processed\": 1\n}"},{"_id":"9bec127c7b9d928318d274494cfe6e66","_rev":"1-66b192079bad20043506d63bd16b0199","id":"S1Jqz8Vxb","path":"./resources/S1Jqz8Vxb.jpg","watsonAnalysisResult":"{\n  \"custom_classes\": 0,\n  \"images\": [\n    {\n      \"classifiers\": [\n        {\n          \"classes\": [\n            {\n              \"class\": \"batting glove\",\n              \"score\": 0.637,\n              \"type_hierarchy\": \"/baseball equipment/batting glove\"\n            },\n            {\n              \"class\": \"baseball equipment\",\n              \"score\": 0.638\n            },\n            {\n              \"class\": \"swastika\",\n              \"score\": 0.565\n            },\n            {\n              \"class\": \"runner\",\n              \"score\": 0.538,\n              \"type_hierarchy\": \"/person/traveler/runner\"\n            },\n            {\n              \"class\": \"traveler\",\n              \"score\": 0.538\n            },\n            {\n              \"class\": \"person\",\n              \"score\": 0.637\n            },\n            {\n              \"class\": \"sprinter\",\n              \"score\": 0.53,\n              \"type_hierarchy\": \"/person/contestant/athlete/sprinter\"\n            },\n            {\n              \"class\": \"athlete\",\n              \"score\": 0.53\n            },\n            {\n              \"class\": \"contestant\",\n              \"score\": 0.53\n            },\n            {\n              \"class\": \"gray color\",\n              \"score\": 0.95\n            },\n            {\n              \"class\": \"coal black color\",\n              \"score\": 0.831\n            }\n          ],\n          \"classifier_id\": \"default\",\n          \"name\": \"default\"\n        }\n      ],\n      \"image\": \"S1Jqz8Vxb.jpg\"\n    }\n  ],\n  \"images_processed\": 1\n}"},{"_id":"9e1464d471a8ddb9efc9fe6e45009c31","_rev":"1-956ae29ad592fc1066a0ce7bfbe93710","id":"HkpGCI4x-","path":"./resources/HkpGCI4x-.jpg","watsonAnalysisResult":{"custom_classes":0,"images":[{"classifiers":[{"classes":[{"class_":"gray color","score":0.613},{"class_":"moquette fabric","score":0.544},{"class_":"fabric","score":0.55},{"class_":"floor","score":0.536},{"class_":"corner","score":0.533},{"class_":"dust storm","score":0.53},{"class_":"coal black color","score":0.562}],"classifier_id":"default","name":"default"}],"image":"HkpGCI4x-.jpg"}],"images_processed":1}},{"_id":"a0813eeb5c72b40a07e38e8943dfff69","_rev":"1-530f63f87f729ec527198dafc137ca42","id":"SJrs_3XxW","path":"./resources/SJrs_3XxW.jpg","watsonAnalysisResult":"{\n  \"custom_classes\": 0,\n  \"images\": [\n    {\n      \"classifiers\": [\n        {\n          \"classes\": [\n            {\n              \"class\": \"gray color\",\n              \"score\": 0.613\n            },\n            {\n              \"class\": \"moquette fabric\",\n              \"score\": 0.544\n            },\n            {\n              \"class\": \"fabric\",\n              \"score\": 0.55\n            },\n            {\n              \"class\": \"floor\",\n              \"score\": 0.536\n            },\n            {\n              \"class\": \"corner\",\n              \"score\": 0.533\n            },\n            {\n              \"class\": \"dust storm\",\n              \"score\": 0.53\n            },\n            {\n              \"class\": \"coal black color\",\n              \"score\": 0.562\n            }\n          ],\n          \"classifier_id\": \"default\",\n          \"name\": \"default\"\n        }\n      ],\n      \"image\": \"SJrs_3XxW.jpg\"\n    }\n  ],\n  \"images_processed\": 1\n}"},{"_id":"a2893df9e53873a5218debe342fa8f09","_rev":"1-9b367a5b4e2917a952af1a916de7e588","id":"rJLAIPEl-","path":"./resources/rJLAIPEl-.jpg","watsonAnalysisResult":{"custom_classes":0,"images":[{"error":{"description":"Ignoring image with no valid data.","error_id":"input_error"},"image":"rJLAIPEl-.jpg"}],"images_processed":1}},{"_id":"a49e80495359ee049e8ebe5efef14a82","_rev":"1-c1e519d3b117e1bf878a984902e641f2","id":"rka6otEx-","path":"./resources/rka6otEx-.jpg","watsonAnalysisResult":{"custom_classes":0,"images":[{"classifiers":[{"classes":[{"class_":"person","score":0.802},{"class_":"people","score":0.543,"type_hierarchy":"/person/people"},{"class_":"tabloid","score":0.53,"type_hierarchy":"/medium/newspaper/tabloid"},{"class_":"newspaper","score":0.585},{"class_":"medium","score":0.585},{"class_":"reddish brown color","score":0.817}],"classifier_id":"default","name":"default"}],"image":"rka6otEx-.jpg"}],"images_processed":1}},{"_id":"a715f6d8bd73a3310fc20e90799cbc20","_rev":"1-e2e8ebf8a8b1660c8870afb1e265b737","id":"BJo0hi7e-","path":"./resources/BJo0hi7e-.jpg","watsonAnalysisResult":"{\n  \"custom_classes\": 0,\n  \"images\": [\n    {\n      \"classifiers\": [\n        {\n          \"classes\": [\n            {\n              \"class\": \"gray color\",\n              \"score\": 0.613\n            },\n            {\n              \"class\": \"moquette fabric\",\n              \"score\": 0.544\n            },\n            {\n              \"class\": \"fabric\",\n              \"score\": 0.55\n            },\n            {\n              \"class\": \"floor\",\n              \"score\": 0.536\n            },\n            {\n              \"class\": \"corner\",\n              \"score\": 0.533\n            },\n            {\n              \"class\": \"dust storm\",\n              \"score\": 0.53\n            },\n            {\n              \"class\": \"coal black color\",\n              \"score\": 0.562\n            }\n          ],\n          \"classifier_id\": \"default\",\n          \"name\": \"default\"\n        }\n      ],\n      \"image\": \"BJo0hi7e-.jpg\"\n    }\n  ],\n  \"images_processed\": 1\n}"},{"_id":"aaa7e9472541d9d639d5e5b4b5a4019d","_rev":"1-65dc6a8453b65da9b795e2e2e8d338dd","id":"SyQ1-9Xg-","path":"./resources/SyQ1-9Xg-.jpg","watsonAnalysisResult":"{\n  \"custom_classes\": 0,\n  \"images\": [\n    {\n      \"classifiers\": [\n        {\n          \"classes\": [\n            {\n              \"class\": \"gray color\",\n              \"score\": 0.613\n            },\n            {\n              \"class\": \"moquette fabric\",\n              \"score\": 0.544\n            },\n            {\n              \"class\": \"fabric\",\n              \"score\": 0.55\n            },\n            {\n              \"class\": \"floor\",\n              \"score\": 0.536\n            },\n            {\n              \"class\": \"corner\",\n              \"score\": 0.533\n            },\n            {\n              \"class\": \"dust storm\",\n              \"score\": 0.53\n            },\n            {\n              \"class\": \"coal black color\",\n              \"score\": 0.562\n            }\n          ],\n          \"classifier_id\": \"default\",\n          \"name\": \"default\"\n        }\n      ],\n      \"image\": \"SyQ1-9Xg-.jpg\"\n    }\n  ],\n  \"images_processed\": 1\n}"},{"_id":"aaa7e9472541d9d639d5e5b4b5cea3dd","_rev":"1-0c9245441e05713c783ae416f9f22d0a","id":"rybVQ9Xe-","path":"./resources/rybVQ9Xe-.jpg","watsonAnalysisResult":"{\n  \"custom_classes\": 0,\n  \"images\": [\n    {\n      \"classifiers\": [\n        {\n          \"classes\": [\n            {\n              \"class\": \"gray color\",\n              \"score\": 0.613\n            },\n            {\n              \"class\": \"moquette fabric\",\n              \"score\": 0.544\n            },\n            {\n              \"class\": \"fabric\",\n              \"score\": 0.55\n            },\n            {\n              \"class\": \"floor\",\n              \"score\": 0.536\n            },\n            {\n              \"class\": \"corner\",\n              \"score\": 0.533\n            },\n            {\n              \"class\": \"dust storm\",\n              \"score\": 0.53\n            },\n            {\n              \"class\": \"coal black color\",\n              \"score\": 0.562\n            }\n          ],\n          \"classifier_id\": \"default\",\n          \"name\": \"default\"\n        }\n      ],\n      \"image\": \"rybVQ9Xe-.jpg\"\n    }\n  ],\n  \"images_processed\": 1\n}"},{"_id":"aaa7e9472541d9d639d5e5b4b5dd3bd5","_rev":"1-42010ca2c85e80673a2aef0720e63cd6","id":"rJo0Q5QeW","path":"./resources/rJo0Q5QeW.jpg","watsonAnalysisResult":"{\n  \"custom_classes\": 0,\n  \"images\": [\n    {\n      \"classifiers\": [\n        {\n          \"classes\": [\n            {\n              \"class\": \"gray color\",\n              \"score\": 0.613\n            },\n            {\n              \"class\": \"moquette fabric\",\n              \"score\": 0.544\n            },\n            {\n              \"class\": \"fabric\",\n              \"score\": 0.55\n            },\n            {\n              \"class\": \"floor\",\n              \"score\": 0.536\n            },\n            {\n              \"class\": \"corner\",\n              \"score\": 0.533\n            },\n            {\n              \"class\": \"dust storm\",\n              \"score\": 0.53\n            },\n            {\n              \"class\": \"coal black color\",\n              \"score\": 0.562\n            }\n          ],\n          \"classifier_id\": \"default\",\n          \"name\": \"default\"\n        }\n      ],\n      \"image\": \"rJo0Q5QeW.jpg\"\n    }\n  ],\n  \"images_processed\": 1\n}"},{"_id":"aef5ad652378244d5612f85e90e79c71","_rev":"1-c7debce296d70fcf1f014a2521da5452","id":"Hko5dnXgZ","path":"./resources/Hko5dnXgZ.jpg","watsonAnalysisResult":"{\n  \"custom_classes\": 0,\n  \"images\": [\n    {\n      \"classifiers\": [\n        {\n          \"classes\": [\n            {\n              \"class\": \"gray color\",\n              \"score\": 0.613\n            },\n            {\n              \"class\": \"moquette fabric\",\n              \"score\": 0.544\n            },\n            {\n              \"class\": \"fabric\",\n              \"score\": 0.55\n            },\n            {\n              \"class\": \"floor\",\n              \"score\": 0.536\n            },\n            {\n              \"class\": \"corner\",\n              \"score\": 0.533\n            },\n            {\n              \"class\": \"dust storm\",\n              \"score\": 0.53\n            },\n            {\n              \"class\": \"coal black color\",\n              \"score\": 0.562\n            }\n          ],\n          \"classifier_id\": \"default\",\n          \"name\": \"default\"\n        }\n      ],\n      \"image\": \"Hko5dnXgZ.jpg\"\n    }\n  ],\n  \"images_processed\": 1\n}"},{"_id":"b78f63cbc226ed7faead963330fd9c03","_rev":"1-6dc4957dac407d2263fc0a8579973eff","id":"BJ_4qFExZ","path":"./resources/BJ_4qFExZ.jpg","watsonAnalysisResult":{"custom_classes":0,"images":[{"classifiers":[{"classes":[{"class_":"cadaver","score":0.683},{"class_":"pieta (statue)","score":0.577},{"class_":"person","score":0.724},{"class_":"sleeping beauty","score":0.53,"type_hierarchy":"/person/sleeping beauty"},{"class_":"gray color","score":0.806},{"class_":"coal black color","score":0.583}],"classifier_id":"default","name":"default"}],"image":"BJ_4qFExZ.jpg"}],"images_processed":1}},{"_id":"bc272b9e6ca450fd5b9aefab47344ce7","_rev":"1-2f3df441231e0ad2549a83606fe1af90","id":"BkwGiqXlb","path":"./resources/BkwGiqXlb.jpg","watsonAnalysisResult":"{\n  \"custom_classes\": 0,\n  \"images\": [\n    {\n      \"classifiers\": [\n        {\n          \"classes\": [\n            {\n              \"class\": \"gray color\",\n              \"score\": 0.613\n            },\n            {\n              \"class\": \"moquette fabric\",\n              \"score\": 0.544\n            },\n            {\n              \"class\": \"fabric\",\n              \"score\": 0.55\n            },\n            {\n              \"class\": \"floor\",\n              \"score\": 0.536\n            },\n            {\n              \"class\": \"corner\",\n              \"score\": 0.533\n            },\n            {\n              \"class\": \"dust storm\",\n              \"score\": 0.53\n            },\n            {\n              \"class\": \"coal black color\",\n              \"score\": 0.562\n            }\n          ],\n          \"classifier_id\": \"default\",\n          \"name\": \"default\"\n        }\n      ],\n      \"image\": \"BkwGiqXlb.jpg\"\n    }\n  ],\n  \"images_processed\": 1\n}"},{"_id":"ce45327057b28c26bbecdc894d682bec","_rev":"1-494863955941210c1a64e952e44263fb","id":"S1nJ2t4l-","path":"./resources/S1nJ2t4l-.jpg","watsonAnalysisResult":{"custom_classes":0,"images":[{"classifiers":[{"classes":[{"class_":"sleeping beauty","score":0.727,"type_hierarchy":"/person/sleeping beauty"},{"class_":"person","score":0.848},{"class_":"sunbather","score":0.542,"type_hierarchy":"/person/sunbather"},{"class_":"child","score":0.53,"type_hierarchy":"/person/child"},{"class_":"Indian red color","score":0.845},{"class_":"jade green color","score":0.661}],"classifier_id":"default","name":"default"}],"image":"S1nJ2t4l-.jpg"}],"images_processed":1}},{"_id":"d5218772bea0a4b1194a11a51d87e490","_rev":"1-92e72db538c7652f1bb64e1e007df20a","id":"H1KkrLVlZ","path":"./resources/H1KkrLVlZ.jpg","watsonAnalysisResult":"{\n  \"custom_classes\": 0,\n  \"images\": [\n    {\n      \"classifiers\": [\n        {\n          \"classes\": [\n            {\n              \"class\": \"gray color\",\n              \"score\": 0.613\n            },\n            {\n              \"class\": \"moquette fabric\",\n              \"score\": 0.544\n            },\n            {\n              \"class\": \"fabric\",\n              \"score\": 0.55\n            },\n            {\n              \"class\": \"floor\",\n              \"score\": 0.536\n            },\n            {\n              \"class\": \"corner\",\n              \"score\": 0.533\n            },\n            {\n              \"class\": \"dust storm\",\n              \"score\": 0.53\n            },\n            {\n              \"class\": \"coal black color\",\n              \"score\": 0.562\n            }\n          ],\n          \"classifier_id\": \"default\",\n          \"name\": \"default\"\n        }\n      ],\n      \"image\": \"H1KkrLVlZ.jpg\"\n    }\n  ],\n  \"images_processed\": 1\n}"},{"_id":"d99453259129ee70ca3eac220221592d","_rev":"1-d0fd75aaee4f7f5430d9fe38675cdef6","id":"SyL47BVeb","path":"./resources/SyL47BVeb.jpg","watsonAnalysisResult":"{\n  \"custom_classes\": 0,\n  \"images\": [\n    {\n      \"classifiers\": [\n        {\n          \"classes\": [\n            {\n              \"class\": \"gray color\",\n              \"score\": 0.613\n            },\n            {\n              \"class\": \"moquette fabric\",\n              \"score\": 0.544\n            },\n            {\n              \"class\": \"fabric\",\n              \"score\": 0.55\n            },\n            {\n              \"class\": \"floor\",\n              \"score\": 0.536\n            },\n            {\n              \"class\": \"corner\",\n              \"score\": 0.533\n            },\n            {\n              \"class\": \"dust storm\",\n              \"score\": 0.53\n            },\n            {\n              \"class\": \"coal black color\",\n              \"score\": 0.562\n            }\n          ],\n          \"classifier_id\": \"default\",\n          \"name\": \"default\"\n        }\n      ],\n      \"image\": \"SyL47BVeb.jpg\"\n    }\n  ],\n  \"images_processed\": 1\n}"},{"_id":"d9c0782c86213c55d77f2c2804bb1375","_rev":"1-ccdfa97533efd336feb2aa740b655708","id":"S1IxPDEx-","path":"./resources/S1IxPDEx-.jpg","watsonAnalysisResult":{"custom_classes":0,"images":[{"error":{"description":"Ignoring image with no valid data.","error_id":"input_error"},"image":"S1IxPDEx-.jpg"}],"images_processed":1}},{"_id":"d9c0782c86213c55d77f2c2804e4538c","_rev":"1-c3a0bd51f0a0bf92341aecc07780c1a1","id":"rkIWKDNgW","path":"./resources/rkIWKDNgW.jpg","watsonAnalysisResult":{"custom_classes":0,"images":[{"classifiers":[{"classes":[{"class_":"laptop computer","score":0.703,"type_hierarchy":"/device/machine/digital computer/personal computer/portable computer/laptop computer"},{"class_":"portable computer","score":0.712},{"class_":"personal computer","score":0.712},{"class_":"digital computer","score":0.712},{"class_":"computer","score":0.721},{"class_":"machine","score":0.721},{"class_":"device","score":0.721},{"class_":"picture frame","score":0.596,"type_hierarchy":"/framework/picture frame"},{"class_":"framework","score":0.597},{"class_":"school newspaper","score":0.573,"type_hierarchy":"/medium/school newspaper"},{"class_":"newspaper","score":0.586},{"class_":"medium","score":0.586},{"class_":"caricaturist","score":0.53,"type_hierarchy":"/person/entertainer/caricaturist"},{"class_":"entertainer","score":0.53},{"class_":"person","score":0.531},{"class_":"coal black color","score":0.966}],"classifier_id":"default","name":"default"}],"image":"rkIWKDNgW.jpg"}],"images_processed":1}},{"_id":"e792fcf78f53cf2418d3bed2dab887ed","_rev":"1-40b1fcb509cd951d41e415bddccf9b36","id":"BJm-A_4eZ","path":"./resources/BJm-A_4eZ.jpg","watsonAnalysisResult":{"custom_classes":0,"images":[{"classifiers":[{"classes":[{"class_":"gray color","score":0.613},{"class_":"moquette fabric","score":0.544},{"class_":"fabric","score":0.55},{"class_":"floor","score":0.536},{"class_":"corner","score":0.533},{"class_":"dust storm","score":0.53},{"class_":"coal black color","score":0.562}],"classifier_id":"default","name":"default"}],"image":"BJm-A_4eZ.jpg"}],"images_processed":1}},{"_id":"ec23519b65c213d4ba4e0ea60c7445bc","_rev":"1-1645d593a1efe430096c252505bd1f83","id":"Hy8li24xZ","path":"./resources/Hy8li24xZ.jpg","watsonAnalysisResult":{"classifier":{"custom_classes":0,"images":[{"classifiers":[{"classes":[{"class_":"people","score":0.638,"type_hierarchy":"/person/people"},{"class_":"person","score":0.638},{"class_":"group of children","score":0.581,"type_hierarchy":"/institution/group of children"},{"class_":"institution","score":0.581},{"class_":"creche","score":0.53,"type_hierarchy":"/medical building/hospital/creche"},{"class_":"hospital","score":0.53},{"class_":"medical building","score":0.53},{"class_":"building","score":0.53},{"class_":"greenishness color","score":0.866},{"class_":"bottle green color","score":0.531}],"classifier_id":"default","name":"default"}],"image":"Hy8li24xZ.jpg"}],"images_processed":1},"faces":{"images":[{"faces":[{"age":{"max":24,"min":18,"score":0.702753},"face_location":{"height":25,"left":112,"top":41,"width":22},"gender":{"gender":"MALE","score":0.952574}},{"age":{"max":24,"min":18,"score":0.452275},"face_location":{"height":30,"left":80,"top":26,"width":22},"gender":{"gender":"MALE","score":0.817574}},{"age":{"max":17,"score":0.865508},"face_location":{"height":23,"left":165,"top":47,"width":21},"gender":{"gender":"MALE","score":0.924142}},{"age":{"max":24,"min":18,"score":0.497763},"face_location":{"height":26,"left":66,"top":7,"width":20},"gender":{"gender":"FEMALE","score":0}},{"age":{"max":24,"min":18,"score":0.502411},"face_location":{"height":23,"left":44,"top":36,"width":21},"gender":{"gender":"MALE","score":0.5}},{"age":{"max":64,"min":55,"score":0.242736},"face_location":{"height":23,"left":62,"top":35,"width":22},"gender":{"gender":"FEMALE","score":0}}],"image":"Hy8li24xZ.jpg"}],"images_processed":1}}},{"_id":"f2b285371a4cfa9cef8d382ea71666c1","_rev":"1-f35801b5998a825f600522785be3561c","id":"H1Qkl9NlW","path":"./resources/H1Qkl9NlW.jpg","watsonAnalysisResult":{"custom_classes":0,"images":[{"classifiers":[{"classes":[{"class_":"picnic","score":0.557,"type_hierarchy":"/food/nutrition/meal/picnic"},{"class_":"meal","score":0.557},{"class_":"nutrition","score":0.558},{"class_":"food","score":0.558},{"class_":"child","score":0.592,"type_hierarchy":"/juvenile person/child"},{"class_":"juvenile person","score":0.55},{"class_":"person","score":0.619},{"class_":"picnicker","score":0.53,"type_hierarchy":"/person/picnicker"},{"class_":"people","score":0.53,"type_hierarchy":"/person/people"},{"class_":"ultramarine color","score":0.698}],"classifier_id":"default","name":"default"}],"image":"H1Qkl9NlW.jpg"}],"images_processed":1}},{"_id":"f2b285371a4cfa9cef8d382ea75dbb40","_rev":"1-e256ec05b27bdf11cc3d2865f531f9bc","id":"SyHsX9ExW","path":"./resources/SyHsX9ExW.jpg","watsonAnalysisResult":{"custom_classes":0,"images":[{"classifiers":[{"classes":[{"class_":"batting glove","score":0.691,"type_hierarchy":"/baseball equipment/batting glove"},{"class_":"baseball equipment","score":0.691},{"class_":"swastika","score":0.67},{"class_":"stock car (racing)","score":0.53,"type_hierarchy":"/vehicle/stock car (racing)"},{"class_":"car","score":0.53},{"class_":"vehicle","score":0.533},{"class_":"gray color","score":0.972},{"class_":"coal black color","score":0.819}],"classifier_id":"default","name":"default"}],"image":"SyHsX9ExW.jpg"}],"images_processed":1}},{"_id":"f5d3512a64df253ea724d9789525ccbd","_rev":"1-9b66a9ab5ae022ac2ac838c988483127","id":"B1qk0t4xb","path":"./resources/B1qk0t4xb.jpg","watsonAnalysisResult":{"custom_classes":0,"images":[{"classifiers":[{"classes":[{"class_":"winger","score":0.558,"type_hierarchy":"/person/contestant/athlete/winger"},{"class_":"athlete","score":0.558},{"class_":"contestant","score":0.558},{"class_":"person","score":0.825},{"class_":"boxing middleweight","score":0.544,"type_hierarchy":"/person/boxing middleweight"},{"class_":"boxing","score":0.544,"type_hierarchy":"/person/boxing"},{"class_":"people","score":0.541,"type_hierarchy":"/person/people"},{"class_":"boxing flyweight","score":0.531,"type_hierarchy":"/person/boxing flyweight"},{"class_":"boxing (light heavyweight)","score":0.53,"type_hierarchy":"/person/boxing (light heavyweight)"},{"class_":"coal black color","score":0.817},{"class_":"black color","score":0.764}],"classifier_id":"default","name":"default"}],"image":"B1qk0t4xb.jpg"}],"images_processed":1}},{"_id":"f5d3512a64df253ea724d978953ce247","_rev":"1-47af696a1552ee82ad4b44ea722e8cb5","id":"rJTzkqEg-","path":"./resources/rJTzkqEg-.jpg","watsonAnalysisResult":{"custom_classes":0,"images":[{"classifiers":[{"classes":[{"class_":"group of children","score":0.626,"type_hierarchy":"/institution/group of children"},{"class_":"institution","score":0.626},{"class_":"quadruplet","score":0.62,"type_hierarchy":"/person/quadruplet"},{"class_":"person","score":0.699},{"class_":"Boy Scout","score":0.534,"type_hierarchy":"/person/female child/Boy Scout"},{"class_":"female child","score":0.535},{"class_":"female","score":0.535},{"class_":"creche","score":0.53,"type_hierarchy":"/medical building/hospital/creche"},{"class_":"hospital","score":0.53},{"class_":"medical building","score":0.53},{"class_":"building","score":0.53},{"class_":"greenishness color","score":0.872},{"class_":"pale yellow color","score":0.622}],"classifier_id":"default","name":"default"}],"image":"rJTzkqEg-.jpg"}],"images_processed":1}},{"_id":"f5d3512a64df253ea724d97895821391","_rev":"1-ec6dcbbaead10e483114e28253ac2322","id":"HJZLz5VeZ","path":"./resources/HJZLz5VeZ.jpg","location":"123","watsonAnalysisResult":{"custom_classes":0,"images":[{"classifiers":[{"classes":[{"class_":"gray color","score":0.613},{"class_":"moquette fabric","score":0.544},{"class_":"fabric","score":0.55},{"class_":"floor","score":0.536},{"class_":"corner","score":0.533},{"class_":"dust storm","score":0.53},{"class_":"coal black color","score":0.562}],"classifier_id":"default","name":"default"}],"image":"HJZLz5VeZ.jpg"}],"images_processed":1}},{"_id":"f7194e8934a634f7a5b26af1521a267e","_rev":"1-7f48506e9c6e8bcf7c2d6d39bff791bb","id":"BJJwdS4e-","path":"./resources/BJJwdS4e-.jpg","watsonAnalysisResult":"{\n  \"custom_classes\": 0,\n  \"images\": [\n    {\n      \"classifiers\": [\n        {\n          \"classes\": [\n            {\n              \"class\": \"batting glove\",\n              \"score\": 0.637,\n              \"type_hierarchy\": \"/baseball equipment/batting glove\"\n            },\n            {\n              \"class\": \"baseball equipment\",\n              \"score\": 0.638\n            },\n            {\n              \"class\": \"swastika\",\n              \"score\": 0.565\n            },\n            {\n              \"class\": \"runner\",\n              \"score\": 0.538,\n              \"type_hierarchy\": \"/person/traveler/runner\"\n            },\n            {\n              \"class\": \"traveler\",\n              \"score\": 0.538\n            },\n            {\n              \"class\": \"person\",\n              \"score\": 0.637\n            },\n            {\n              \"class\": \"sprinter\",\n              \"score\": 0.53,\n              \"type_hierarchy\": \"/person/contestant/athlete/sprinter\"\n            },\n            {\n              \"class\": \"athlete\",\n              \"score\": 0.53\n            },\n            {\n              \"class\": \"contestant\",\n              \"score\": 0.53\n            },\n            {\n              \"class\": \"gray color\",\n              \"score\": 0.95\n            },\n            {\n              \"class\": \"coal black color\",\n              \"score\": 0.831\n            }\n          ],\n          \"classifier_id\": \"default\",\n          \"name\": \"default\"\n        }\n      ],\n      \"image\": \"BJJwdS4e-.jpg\"\n    }\n  ],\n  \"images_processed\": 1\n}"}]